{"0":{"75inchtv":0.0038314176,"85inchtv":0.0,"gianttv":0.0078431373,"hugetv":0.0038314176,"massivetv":0.0387596899},"1":{"75inchtv":0.0536398467,"85inchtv":0.049382716,"gianttv":0.1607843137,"hugetv":0.1302681992,"massivetv":0.0852713178},"10":{"75inchtv":0.0574712644,"85inchtv":0.0864197531,"gianttv":0.0078431373,"hugetv":0.030651341,"massivetv":0.0271317829},"11":{"75inchtv":0.0,"85inchtv":0.0,"gianttv":0.0117647059,"hugetv":0.0,"massivetv":0.0},"12":{"75inchtv":0.0766283525,"85inchtv":0.049382716,"gianttv":0.0784313725,"hugetv":0.030651341,"massivetv":0.0581395349},"13":{"75inchtv":0.1685823755,"85inchtv":0.0987654321,"gianttv":0.0705882353,"hugetv":0.0727969349,"massivetv":0.1007751938},"14":{"75inchtv":0.0153256705,"85inchtv":0.012345679,"gianttv":0.0745098039,"hugetv":0.0383141762,"massivetv":0.0620155039},"15":{"75inchtv":0.0344827586,"85inchtv":0.012345679,"gianttv":0.0823529412,"hugetv":0.0574712644,"massivetv":0.0503875969},"16":{"75inchtv":0.0153256705,"85inchtv":0.0,"gianttv":0.0078431373,"hugetv":0.030651341,"massivetv":0.015503876},"17":{"75inchtv":0.0536398467,"85inchtv":0.0617283951,"gianttv":0.031372549,"hugetv":0.0574712644,"massivetv":0.0658914729},"18":{"75inchtv":0.1072796935,"85inchtv":0.0987654321,"gianttv":0.062745098,"hugetv":0.0651340996,"massivetv":0.1085271318},"19":{"75inchtv":0.0,"85inchtv":0.0,"gianttv":0.0117647059,"hugetv":0.0,"massivetv":0.003875969},"2":{"75inchtv":0.1034482759,"85inchtv":0.0987654321,"gianttv":0.0666666667,"hugetv":0.0766283525,"massivetv":0.0581395349},"3":{"75inchtv":0.0191570881,"85inchtv":0.024691358,"gianttv":0.0509803922,"hugetv":0.0153256705,"massivetv":0.0},"4":{"75inchtv":0.0498084291,"85inchtv":0.1111111111,"gianttv":0.0392156863,"hugetv":0.0536398467,"massivetv":0.0271317829},"5":{"75inchtv":0.061302682,"85inchtv":0.0740740741,"gianttv":0.0431372549,"hugetv":0.0804597701,"massivetv":0.0426356589},"6":{"75inchtv":0.0651340996,"85inchtv":0.049382716,"gianttv":0.0352941176,"hugetv":0.0498084291,"massivetv":0.0503875969},"7":{"75inchtv":0.0651340996,"85inchtv":0.0987654321,"gianttv":0.0705882353,"hugetv":0.1072796935,"massivetv":0.1356589147},"8":{"75inchtv":0.0421455939,"85inchtv":0.024691358,"gianttv":0.0196078431,"hugetv":0.0498084291,"massivetv":0.0387596899},"9":{"75inchtv":0.0076628352,"85inchtv":0.049382716,"gianttv":0.0666666667,"hugetv":0.0498084291,"massivetv":0.0310077519}}